{
    "train_loss": [
        0.8530540877097362,
        0.8035101044822384,
        0.7704376803862082,
        0.7367086418577142,
        0.7023512310272938,
        0.6679676102625357,
        0.6229010860662203,
        0.5923757416170996,
        0.5571804550048467,
        0.5497819648401158,
        0.530363021267427,
        0.5139514666956824,
        0.4988073714681574,
        0.5020901572865408,
        0.48360096925013774,
        0.4744248684193637,
        0.46708286654304815,
        0.46132544246879786,
        0.45263099509316523,
        0.45989138290688797,
        0.453401748393033,
        0.44585940886188197,
        0.44265032942230637,
        0.43538439918208766,
        0.4321323798314945,
        0.42258102708571665,
        0.41505592698986465,
        0.3990600511834428,
        0.40686094760894775,
        0.41256690065602997,
        0.404664686000025,
        0.4068822462011028,
        0.40621506946312413,
        0.3990454271033004,
        0.4011749127829397,
        0.39783367695840627,
        0.38714278650444905,
        0.39012891899895025,
        0.3804091843398842,
        0.3801098985446466,
        0.3939339897117099,
        0.38371399306767695,
        0.38400032492102804,
        0.37641686603829666,
        0.3778279399549639,
        0.3707187701318715,
        0.40621062650068385,
        0.3793760064888645,
        0.3790538822476928,
        0.3748923282365541
    ],
    "val_loss": [
        0.8232498301400079,
        0.7800990475548638,
        0.733860969543457,
        0.6974247031741672,
        0.6474883556365967,
        0.6605328718821207,
        0.5866513649622599,
        0.5447691877683004,
        0.5496282080809275,
        0.5114565359221565,
        0.4461638198958503,
        0.43212047550413346,
        0.41048774785465664,
        0.44755104515287614,
        0.43407414688004387,
        0.4031282497776879,
        0.38063252800040775,
        0.40565503305859035,
        0.41162444319989944,
        0.38303306036525303,
        0.37300483385721844,
        0.383931212955051,
        0.401398198472129,
        0.38442914850182003,
        0.3591886560122172,
        0.3726157993078232,
        0.34343863361411625,
        0.3391043096780777,
        0.34354494512081146,
        0.34869376652770573,
        0.3801378624306785,
        0.33618589573436314,
        0.34519414438141716,
        0.3415135012732612,
        0.3435026291343901,
        0.33719802068339455,
        0.3330383284224404,
        0.3376743661032783,
        0.3500354025099013,
        0.3229388776752684,
        0.3158363815810945,
        0.32188526292641956,
        0.32865294648541343,
        0.3078037169244554,
        0.34340423345565796,
        0.3322092874182595,
        0.33389851947625476,
        0.32051094041930306,
        0.30861377716064453,
        0.3135414802365833
    ]
}